"10 Useful iPhone Apps for Web Designers and Developers Tools",http://webdesignledger.com/tools/10-useful-iphone-apps-for-web-designers-and-developers,http://webdesignledger.com/tools/10-useful-iphone-apps-for-web-designers-and-developers,"Sat 15 May 2010 10:16:55 EDT","Here are 10 super useful iPhone applications to help web designers and developers perform tasks.<br /><span style=""font-size:12px;"">via: <a href=""http://webdesignledger.com/tools/10-useful-iphone-apps-for-web-designers-and-developers"" rel=""nofollow"" >webdesignledger.com</a></span><br /><br /><br />"
"15 modal boxes to enrich your web application Web Developer Juice",http://www.webdeveloperjuice.com/2010/05/07/15-modal-boxes-to-enrich-your-web-application/,http://www.webdeveloperjuice.com/2010/05/07/15-modal-boxes-to-enrich-your-web-application/,"Sat 15 May 2010 10:17:51 EDT","Today I have collected 15 modal boxes for your inspiration and may be integrated in your upcoming web application.<br /><span style=""font-size:12px;"">via: <a href=""http://www.webdeveloperjuice.com/2010/05/07/15-modal-boxes-to-enrich-your-web-application/"" rel=""nofollow"" >webdeveloperjuice.com</a></span><br /><br /><br />"
"How to Generate Blog Post Ideas",http://www.viperchill.com/blog-content-ideas/,http://www.viperchill.com/blog-content-ideas/,"Sat 15 May 2010 10:18:30 EDT","Not only will the following tips help you generate tons of post  article ideas for now but you can also come back to them in a few months and they will almost certainly give you a new jolt of inspiration.<br /><span style=""font-size:12px;"">via: <a href=""http://www.viperchill.com/blog-content-ideas/"" rel=""nofollow"" >viperchill.com</a></span><br /><br /><br />"
"10 Practical Jquery Style Switchers",http://www.net-kit.com/10-practical-jquery-style-switchers/,http://www.net-kit.com/10-practical-jquery-style-switchers/,"Sat 15 May 2010 10:19:28 EDT","Here is a roundup of 10 practical jquery stylesheet switchers for you to test and implement into your website thus providing a better user experience.<br /><span style=""font-size:12px;"">via: <a href=""http://www.net-kit.com/10-practical-jquery-style-switchers/"" rel=""nofollow"" >net-kit.com</a></span><br /><br /><br />"
"Methods to Bring Life Back to Old Posts",http://www.blogussion.com/expansion/increase-views-old-posts/,http://www.blogussion.com/expansion/increase-views-old-posts/,"Sat 15 May 2010 10:19:57 EDT","So I came up with a few ideas of my own that can hopefully solve this issue and get older posts viewed by my readers again.<br /><span style=""font-size:12px;"">via: <a href=""http://www.blogussion.com/expansion/increase-views-old-posts/"" rel=""nofollow"" >blogussion.com</a></span><br /><br /><br />"
"jQuery Circulate",http://css-tricks.com/examples/Circulate/,http://css-tricks.com/examples/Circulate/,"Sat 15 May 2010 10:20:46 EDT","A nice effect to get elements to move in a unique way on a web page.<br /><span style=""font-size:12px;"">via: <a href=""http://css-tricks.com/examples/Circulate/"" rel=""nofollow"" >css-tricks.com</a></span><br /><br /><br />"
"Tables in Web Design Beautiful Examples and Best Practices webexpedition18",http://webexpedition18.com/articles/tables-in-web-design-beautiful-examples-and-best-practices/,http://webexpedition18.com/articles/tables-in-web-design-beautiful-examples-and-best-practices/,"Sat 15 May 2010 10:21:10 EDT","Many people find tables full with information boring but clever designed table can not only make a table very attractive but it can also increase readability. In this post I am going to show You beautifully non-boring designed tables!<br /><span style=""font-size:12px;"">via: <a href=""http://webexpedition18.com/articles/tables-in-web-design-beautiful-examples-and-best-practices/"" rel=""nofollow"" >webexpedition18.com</a></span><br /><br /><br />"
"10 Websites To Download Older Versions Of Software",http://www.makeuseof.com/tag/10-websites-download-older-versions-software/,http://www.makeuseof.com/tag/10-websites-download-older-versions-software/,"Sun 16 May 2010 9:12:19 EDT","There are times when you need an older version of software. This post list 10 websites where you can download older versions of software.<br /><span style=""font-size:12px;"">via: <a href=""http://www.makeuseof.com/tag/10-websites-download-older-versions-software/"" rel=""nofollow"" >makeuseof.com</a></span><br /><br /><br />"
"jQuery Accordion Tutorial - Simple Accordion Tutorial - jQuery Accordion Menu jQuery Tutorials Web Design Tutorials and Front-end Development Blog by Soh Tanaka",http://www.sohtanaka.com/web-design/simple-accordion-w-css-and-jquery/,http://www.sohtanaka.com/web-design/simple-accordion-w-css-and-jquery/,"Sun 16 May 2010 9:14:36 EDT","When designed and implemented with usability in mind the accordion can be incredibly useful when organizing a good chunk of content.<br /><span style=""font-size:12px;"">via: <a href=""http://www.sohtanaka.com/web-design/simple-accordion-w-css-and-jquery/"" rel=""nofollow"" >sohtanaka.com</a></span><br /><br /><br />"
"Designing an Infographic with HTML CSS",http://line25.com/tutorials/designing-an-infographic-with-html-css-and-jquery,http://line25.com/tutorials/designing-an-infographic-with-html-css-and-jquery,"Sun 16 May 2010 9:27:47 EDT","The design itself was put together in Adobe Illustrator using a bunch of Line25 stats.<br /><span style=""font-size:12px;"">via: <a href=""http://line25.com/tutorials/designing-an-infographic-with-html-css-and-jquery"" rel=""nofollow"" >1274016465673</a></span><br /><br /><br />"
"14 Best Fresh CSS3 Tutorials",http://skyje.com/2010/05/css3-tutorials/,http://skyje.com/2010/05/css3-tutorials/,"Sun 16 May 2010 17:36:28 EDT","In this collection you will find Best Fresh CSS3 Tutorials. You will learn next-generation techniques from CSS3.<br /><span style=""font-size:12px;"">via: <a href=""http://skyje.com/2010/05/css3-tutorials/"" rel=""nofollow"" >skyje.com</a></span><br /><br /><br />"
"Using jQuery The Sexy Way 7 Great Techniques For a Slick Layout DevSnippets",http://devsnippets.com/article/using-jquery-the-sexy-way.html,http://devsnippets.com/article/using-jquery-the-sexy-way.html,"Sun 16 May 2010 17:39:18 EDT","In this article we would like to present 7 Impressive techniques using some jQuery magic to grab the attention of your users with a simple and rich user experience that gets them excited about your website.<br /><span style=""font-size:12px;"">via: <a href=""http://devsnippets.com/article/using-jquery-the-sexy-way.html"" rel=""nofollow"" >devsnippets.com</a></span><br /><br /><br />"
"Dynamic Page Replacing Content CSS-Tricks",http://css-tricks.com/dynamic-page-replacing-content/,http://css-tricks.com/dynamic-page-replacing-content/,"Sun 16 May 2010 17:40:39 EDT","Lets say you wanted to make a website where clicking buttons in the nav would dynamically load some content. This article shows you how this can be done with jQuery.<br /><span style=""font-size:12px;"">via: <a href=""http://css-tricks.com/dynamic-page-replacing-content/"" rel=""nofollow"" >css-tricks.com</a></span><br /><br /><br />"
"The Ultimate Roundup of Best Photoshop Text effects Tutorials Graphic and Web Design Blog",http://www.1stwebdesigner.com/resources/the-ultimate-roundup-of-best-photoshop-text-effects-tutorials/,http://www.1stwebdesigner.com/resources/the-ultimate-roundup-of-best-photoshop-text-effects-tutorials/,"Sun 16 May 2010 17:42:36 EDT","People who love text effects and have the courage to admit it here is a thorough guide to the best 60 new text effects available on the web.<br /><span style=""font-size:12px;"">via: <a href=""http://www.1stwebdesigner.com/resources/the-ultimate-roundup-of-best-photoshop-text-effects-tutorials/"" rel=""nofollow"" >1stwebdesigner.com</a></span><br /><br /><br />"
"4 Creative and Fresh jQuery Tutorials Design Reviver",http://designreviver.com/tutorials/4-creative-and-fresh-jquery-tutorials/,http://designreviver.com/tutorials/4-creative-and-fresh-jquery-tutorials/,"Sun 16 May 2010 17:48:02 EDT","In this news round-up we have the best and most creative jQuery tutorials to help add some creativity to your web designs.<br /><span style=""font-size:12px;"">via: <a href=""http://designreviver.com/tutorials/4-creative-and-fresh-jquery-tutorials/"" rel=""nofollow"" >designreviver.com</a></span><br /><br /><br />"
"15 Useful Cheat Sheets for WordPress Design and Development",http://www.bestpsdtohtml.com/15-useful-cheat-sheets-for-wordpress-design-and-development/,http://www.bestpsdtohtml.com/15-useful-cheat-sheets-for-wordpress-design-and-development/,"Tue 18 May 2010 7:27:49 EDT","You will find some really helpful WordPress cheat sheets in this article.<br /><span style=""font-size:12px;"">via: <a href=""http://www.bestpsdtohtml.com/15-useful-cheat-sheets-for-wordpress-design-and-development/"" rel=""nofollow"" >bestpsdtohtml.com</a></span><br /><br /><br />"
"jQuery Captify Demo v1 1 3",http://thirdroute.com/projects/captify/,http://thirdroute.com/projects/captify/,"Tue 18 May 2010 7:30:08 EDT","Captify is a plugin for jQuery written by Brian Reavis to display simple pretty image captions that appear on rollover.<br /><span style=""font-size:12px;"">via: <a href=""http://thirdroute.com/projects/captify/"" rel=""nofollow"" >thirdroute.com</a></span><br /><br /><br />"
"100 Fresh And Free xHTML Templates Of Year 2010 Graphic and Web Design Blog",http://www.1stwebdesigner.com/freebies/fresh-free-xhtml-templates-2010/,http://www.1stwebdesigner.com/freebies/fresh-free-xhtml-templates-2010/,"Tue 18 May 2010 7:55:28 EDT","In this article you will find really new templates mostly created in this year 2010.<br /><span style=""font-size:12px;"">via: <a href=""http://www.1stwebdesigner.com/freebies/fresh-free-xhtml-templates-2010/"" rel=""nofollow"" >1stwebdesigner.com</a></span><br /><br /><br />"
"Sponsor Flip Wall With jQuery",http://tutorialzine.com/2010/03/sponsor-wall-flip-jquery-css/,http://tutorialzine.com/2010/03/sponsor-wall-flip-jquery-css/,"Thu 20 May 2010 8:06:45 EDT","We are using PHP CSS and jQuery with the jQuery Flip plug-in to do just that. The resulting code can be used to showcase your sponsors clients or portfolio projects as well.<br /><span style=""font-size:12px;"">via: <a href=""http://tutorialzine.com/2010/03/sponsor-wall-flip-jquery-css/"" rel=""nofollow"" >1274357203716</a></span><br /><br /><br />"
"Photoshop Effect vs CSS3 Properties Webstuffshare com - Worth Sharing Bookmarked Webstuff",http://www.webstuffshare.com/2010/04/photoshop-effect-vs-css3-properties/,http://www.webstuffshare.com/2010/04/photoshop-effect-vs-css3-properties/,"Thu 20 May 2010 8:11:44 EDT","Tested On Safari 4x Chrome 5x and Firefox 3x<br /><span style=""font-size:12px;"">via: <a href=""http://www.webstuffshare.com/2010/04/photoshop-effect-vs-css3-properties/"" rel=""nofollow"" >webstuffshare.com</a></span><br /><br /><br />"
"42 JavaScript best practices - Opera Developer Community",http://dev.opera.com/articles/view/javascript-best-practices/,http://dev.opera.com/articles/view/javascript-best-practices/,"Sat 22 May 2010 7:08:31 EDT","I have found that following these principles has made me a more effective developer and allowed other developers to build upon my work more easily.<br /><span style=""font-size:12px;"">via: <a href=""http://dev.opera.com/articles/view/javascript-best-practices/"" rel=""nofollow"" >dev.opera.com</a></span><br /><br /><br />"
"Spice Up Your Web Typography with Font-Face",http://line25.com/tutorials/spice-up-your-web-typography-with-font-face,http://line25.com/tutorials/spice-up-your-web-typography-with-font-face,"Sat 22 May 2010 7:18:20 EDT","Lets look at how the CSS font-face rule allows us to get fancy with our future website projects.<br /><span style=""font-size:12px;"">via: <a href=""http://line25.com/tutorials/spice-up-your-web-typography-with-font-face"" rel=""nofollow"" >line25.com</a></span><br /><br /><br />"
"Everything You Need to Know about CSS3 Color Techniques Coding PelFusion com",http://pelfusion.com/coding/everything-you-need-to-know-about-css3-color-techniques/,http://pelfusion.com/coding/everything-you-need-to-know-about-css3-color-techniques/,"Sat 22 May 2010 8:33:28 EDT","In this article we will talk about CSS3 colour techniques as well as show you some examples of excellent implementation of the CSS3 colour techniques in practice.<br /><span style=""font-size:12px;"">via: <a href=""http://pelfusion.com/coding/everything-you-need-to-know-about-css3-color-techniques/"" rel=""nofollow"" >pelfusion.com</a></span><br /><br /><br />"
"Speed Up with CSS3 Gradients CSS-Tricks",http://css-tricks.com/css3-gradients/,http://css-tricks.com/css3-gradients/,"Sat 22 May 2010 8:48:11 EDT","WebKit browsers paved the way with CSS based gradients which makes using them for progressive enhancement all the more appealing.<br /><span style=""font-size:12px;"">via: <a href=""http://css-tricks.com/css3-gradients/"" rel=""nofollow"" >css-tricks.com</a></span><br /><br /><br />"
"The hidden power of border-radius CreativityDen",http://blog.creativityden.com/the-hidden-power-of-border-radius-2/,http://blog.creativityden.com/the-hidden-power-of-border-radius-2/,"Mon 24 May 2010 6:28:48 EDT","In this post we will explore the property border-radius and how it can be used to create circles semi-cricles and quarter-circles.<br /><span style=""font-size:12px;"">via: <a href=""http://blog.creativityden.com/the-hidden-power-of-border-radius-2/"" rel=""nofollow"" >blog.creativityden.com</a></span><br /><br /><br />"
"DataTables table plug-in for jQuery",http://www.datatables.net/,http://www.datatables.net/,"Mon 24 May 2010 6:30:12 EDT","DataTables is a plug-in for the jQuery Javascript library. It is a highly flexible tool based upon the foundations of progressive enhancement which will add advanced interaction controls to any HTML table.<br /><span style=""font-size:12px;"">via: <a href=""http://www.datatables.net/"" rel=""nofollow"" >datatables.net</a></span><br /><br /><br />"
"Beautiful advanced jQuery background image slideshow",http://demo.marcofolio.net/bgimg_slideshow/,http://demo.marcofolio.net/bgimg_slideshow/,"Mon 24 May 2010 6:40:52 EDT","Here you will find an example of a beautiful advanced background image slideshow which heavily relies on jQuery combined with CSS.<br /><span style=""font-size:12px;"">via: <a href=""http://demo.marcofolio.net/bgimg_slideshow/"" rel=""nofollow"" >demo.marcofolio.net</a></span><br /><br /><br />"
"Class.js - JavaScript language with a basic class structure in under a kilobyte of code",http://www.evanbyrne.com/article/class.js,http://www.evanbyrne.com/article/class.js,"Fri 28 May 2010 6:26:53 EDT","Class.js attempts to provide the JavaScript language with a basic class structure in under a kilobyte of code.<br /><span style=""font-size:12px;"">via: <a href=""http://www.evanbyrne.com/article/class.js"" rel=""nofollow"" >evanbyrne.com</a></span><br /><br /><br />"
"jQuery Cloud Zoom",http://www.professorcloud.com/mainsite/cloud-zoom.htm,http://www.professorcloud.com/mainsite/cloud-zoom.htm,"Fri 28 May 2010 22:38:11 EDT","Cloud Zoom is a jQuery plugin comparable to commercial image zoom products such as Magic Zoom. Compared to the popular jQZoom plugin Cloud Zoom is smaller has more features and more robust compatability across browsers.<br /><span style=""font-size:12px;"">via: <a href=""http://www.professorcloud.com/mainsite/cloud-zoom.htm"" rel=""nofollow"" >professorcloud.com</a></span><br /><br /><br />"
"Object-Oriented PHP for Beginners Nettuts",http://net.tutsplus.com/tutorials/php/object-oriented-php-for-beginners/,http://net.tutsplus.com/tutorials/php/object-oriented-php-for-beginners/,"Mon 12 Jul 2010 13:47:53 EDT","<br /><span style=""font-size:12px;"">via: <a href=""http://net.tutsplus.com/tutorials/php/object-oriented-php-for-beginners/"" rel=""nofollow"" >net.tutsplus.com</a></span><br /><br /><br />"
"15 Useful MS Word Tricks You Probably Didn t Know TutToaster",http://www.tuttoaster.com/15-useful-ms-word-tricks-you-probably-didnt-know/,http://www.tuttoaster.com/15-useful-ms-word-tricks-you-probably-didnt-know/,"Mon 12 Jul 2010 14:46:29 EDT","Today we are going to show you 15 very useful MS Word tricks you probably never heard of.<br /><span style=""font-size:12px;"">via: <a href=""http://www.tuttoaster.com/15-useful-ms-word-tricks-you-probably-didnt-know/"" rel=""nofollow"" >tuttoaster.com</a></span><br /><br /><br />"
"A Beginner s Guide to Design Patterns Nettuts",http://net.tutsplus.com/articles/general/a-beginners-guide-to-design-patterns/,http://net.tutsplus.com/articles/general/a-beginners-guide-to-design-patterns/,"Mon 12 Jul 2010 14:48:10 EDT","Ever wondered what design patterns are? In this article I will explain why design patterns are important and will provide some examples in PHP of when and why they should be used.<br /><span style=""font-size:12px;"">via: <a href=""http://net.tutsplus.com/articles/general/a-beginners-guide-to-design-patterns/"" rel=""nofollow"" >net.tutsplus.com</a></span><br /><br /><br />"
"The top 200 greatest design blogs Web Design Shock",http://www.webdesignshock.com/showcase/the-top-200-greatest-design-blogs/,http://www.webdesignshock.com/showcase/the-top-200-greatest-design-blogs/,"Mon 12 Jul 2010 14:49:59 EDT","Many of these are made by some of the best digital artists in the medium so you can be sure you can always find interesting useful and great content.<br /><span style=""font-size:12px;"">via: <a href=""http://www.webdesignshock.com/showcase/the-top-200-greatest-design-blogs/"" rel=""nofollow"" >ebdesignshock.com</a></span><br /><br /><br />"
"The 960 Grid System Made Easy",http://sixrevisions.com/web_design/the-960-grid-system-made-easy/,http://sixrevisions.com/web_design/the-960-grid-system-made-easy/,"Mon 12 Jul 2010 15:59:30 EDT","This article is for web designers and front-end web developers who are interested in grid-based layout systems but are at a loss on how to decipher them.<br /><span style=""font-size:12px;"">via: <a href=""http://sixrevisions.com/web_design/the-960-grid-system-made-easy/"" rel=""nofollow"" >sixrevisions.com</a></span><br /><br /><br />"
"35 jQuery Animation Tutorials Vandelay Design Blog",http://vandelaydesign.com/blog/web-development/jquery-animation-tutorials/,http://vandelaydesign.com/blog/web-development/jquery-animation-tutorials/,"Mon 12 Jul 2010 16:05:48 EDT","Creative designers can do some amazing things with jQuery. A wide variety of animation effects are possible and these 35 tutorials provide excellent learning resources for anyone who is wanting to brush up their skills in this area.<br /><span style=""font-size:12px;"">via: <a href=""http://vandelaydesign.com/blog/web-development/jquery-animation-tutorials/"" rel=""nofollow"" >vandelaydesign.com</a></span><br /><br /><br />"
"35 Creative and Beautiful Websites Powered by Wordpress",http://www.wplatte.com/35-creative-and-beautiful-websites-powered-by-wordpress/,http://www.wplatte.com/35-creative-and-beautiful-websites-powered-by-wordpress/,"Mon 12 Jul 2010 16:15:09 EDT","Take a look at 35 examples of amazing websites powered by Wordpress and don t be afraid to switch to Wordpress!<br /><span style=""font-size:12px;"">via: <a href=""http://www.wplatte.com/35-creative-and-beautiful-websites-powered-by-wordpress/"" rel=""nofollow"" >platte.com</a></span><br /><br /><br />"
"130 Wonderful Website Designs categorised by color 1 Marked Lines",http://www.markedlines.com/130-wonderful-website-designs-categorised-by-color-1/,http://www.markedlines.com/130-wonderful-website-designs-categorised-by-color-1/,"Mon 12 Jul 2010 16:18:09 EDT","The first part includes the colors Blue Green Red  and it is here to inspire you!<br /><span style=""font-size:12px;"">via: <a href=""http://www.markedlines.com/130-wonderful-website-designs-categorised-by-color-1/"" rel=""nofollow"" >markedlines.com</a></span><br /><br /><br />"
"36 Free CSS Templates To Catch The EYE Free and Useful Online Resources for Designers and Developers",http://www.smashingapps.com/2010/07/08/36-brand-new-eye-catching-free-css-templates.html,http://www.smashingapps.com/2010/07/08/36-brand-new-eye-catching-free-css-templates.html,"Tue 13 Jul 2010 13:58:29 EDT","Features 36 (Brand New) Eye-Catching Free CSS Templates.<br /><span style=""font-size:12px;"">via: <a href=""http://www.smashingapps.com/2010/07/08/36-brand-new-eye-catching-free-css-templates.html"" rel=""nofollow"" >smashingapps.com</a></span><br /><br /><br />"
"A Compilation of Online Color Generator Tools for Designers",http://blueblots.com/freebies/a-compilation-of-online-color-generator-tools-for-designers/,http://blueblots.com/freebies/a-compilation-of-online-color-generator-tools-for-designers/,"Tue 13 Jul 2010 14:06:19 EDT","We have collected A Compilation of Free Online Color Generator Tools for Designers that you can look into as referral to colors that you may and can use for your designs.<br /><span style=""font-size:12px;"">via: <a href=""http://blueblots.com/freebies/a-compilation-of-online-color-generator-tools-for-designers/"" rel=""nofollow"" >blueblots.com</a></span><br /><br /><br />"
"Body IDs making life easier for yourself",http://www.venturelab.co.uk/devblog/2010/06/body-idsmaking-life-easier-for-yourself/,http://www.venturelab.co.uk/devblog/2010/06/body-idsmaking-life-easier-for-yourself/,"Tue 13 Jul 2010 14:24:48 EDT","This tutorial shows a good way to create custom pages from one CSS file by utilizing the fact that each page has only one body tag.<br /><span style=""font-size:12px;"">via: <a href=""http://www.venturelab.co.uk/devblog/2010/06/body-idsmaking-life-easier-for-yourself/"" rel=""nofollow"" >venturelab.co.uk</a></span><br /><br /><br />"
"20 Free Fonts Ideal For Logos And Headings",http://bluefaqs.com/2010/07/20-free-fonts-ideal-for-logos-and-headings/,http://bluefaqs.com/2010/07/20-free-fonts-ideal-for-logos-and-headings/,"Wed 14 Jul 2010 10:06:08 EDT","In this collection of fonts I wanted to focus on a few that generally work well for use with logos and headings alike. Easy to read fonts that carry a nice strong appearance with just a hint of class. Whether you are working on a clean design or something a little more decorative one of these fonts will surely do the trick. To help you better visualize the use of these typefaces I used each one in its own custom design.<br /><span style=""font-size:12px;"">via: <a href=""http://bluefaqs.com/2010/07/20-free-fonts-ideal-for-logos-and-headings/"" rel=""nofollow"" >bluefaqs.com</a></span><br /><br /><br />"
"The Benefits of CSS3 vs JQuery",http://www.whatcreative.co.uk/blog/tips/the-benefits-of-css3-vs-jquery/,http://www.whatcreative.co.uk/blog/tips/the-benefits-of-css3-vs-jquery/,"Wed 14 Jul 2010 10:09:08 EDT","An article that asks the question - So what are the benefits of CSS3 vs JQuery?<br /><span style=""font-size:12px;"">via: <a href=""http://www.whatcreative.co.uk/blog/tips/the-benefits-of-css3-vs-jquery/"" rel=""nofollow"" >hatcreative.co.uk</a></span><br /><br /><br />"
"20 Awesome Photographer Portfolio Websites",http://resources.savedelete.com/20-awesome-photographer-portfolio-websites.html,http://resources.savedelete.com/20-awesome-photographer-portfolio-websites.html,"Wed 14 Jul 2010 10:14:44 EDT","This article features photographer portfolio websites for inspiration.<br /><span style=""font-size:12px;"">via: <a href=""http://resources.savedelete.com/20-awesome-photographer-portfolio-websites.html"" rel=""nofollow"" >resources.savedelete.com</a></span><br /><br /><br />"
"How to Start Social Media Marketing for Your Site",http://www.smashingbuzz.com/2010/07/how-to-start-social-media-marketing-for-your-site/,http://www.smashingbuzz.com/2010/07/how-to-start-social-media-marketing-for-your-site/,"Wed 14 Jul 2010 10:20:39 EDT","This post discusses what you need to understand about how social media can benefit you and your business.<br /><span style=""font-size:12px;"">via: <a href=""http://www.smashingbuzz.com/2010/07/how-to-start-social-media-marketing-for-your-site/"" rel=""nofollow"" >smashingbuzz.com</a></span><br /><br /><br />"
"How to use BuddyPress as a Private Collaboration System",http://www.1stwebdesigner.com/tutorials/buddypress-collaboration-system/,http://www.1stwebdesigner.com/tutorials/buddypress-collaboration-system/,"Wed 14 Jul 2010 10:23:12 EDT","For sites with multiple writers it is nice to have a place for them all to interact privately.  With this post I will show you how to make your own Private Social network for your writers using BuddyPress.<br /><span style=""font-size:12px;"">via: <a href=""http://www.1stwebdesigner.com/tutorials/buddypress-collaboration-system/"" rel=""nofollow"" >1stwebdesigner.com</a></span><br /><br /><br />"
"13 Sexy Sign-up Forms",http://designm.ag/resources/13-sexy-sign-up-forms/,http://designm.ag/resources/13-sexy-sign-up-forms/,"Thu 15 Jul 2010 6:34:08 EDT","When it comes to online strategies you should never overlook the design of your sign up page. This post outlines 13 of the best.<br /><span style=""font-size:12px;"">via: <a href=""http://designm.ag/resources/13-sexy-sign-up-forms/"" rel=""nofollow"" >designm.ag</a></span><br /><br /><br />"
"Ping Multiple Update Service for Better SEO and Faster Indexing",http://www.tripwiremagazine.com/2010/07/ping-multiple-update-service-for-better-seo.-faster-indexing.html,http://www.tripwiremagazine.com/2010/07/ping-multiple-update-service-for-better-seo.-faster-indexing.html,"Thu 15 Jul 2010 6:39:12 EDT","Ping services allow different blog and RSS listing services to be notified and the idea is to help get the word out and hopefully drive some traffic to your site. This tutorial will show you how to get your automatic notification out to more services faster.<br /><span style=""font-size:12px;"">via: <a href=""http://www.tripwiremagazine.com/2010/07/ping-multiple-update-service-for-better-seo.-faster-indexing.html"" rel=""nofollow"" >tripwiremagazine.com</a></span><br /><br /><br />"
"40 Must-Bookmark PHP Classes",http://www.webresourcesdepot.com/40-must-bookmark-php-classes-libraries-for-developing-faster/,http://www.webresourcesdepot.com/40-must-bookmark-php-classes-libraries-for-developing-faster/,"Thu 15 Jul 2010 6:41:44 EDT","Here is a collection 40+ totally free PHP classes and libraries that every PHP developer would love to bookmark.<br /><span style=""font-size:12px;"">via: <a href=""http://www.webresourcesdepot.com/40-must-bookmark-php-classes-libraries-for-developing-faster/"" rel=""nofollow"" >1279190504777</a></span><br /><br /><br />"
"CSS3 PIE CSS3 decorations for IE",http://css3pie.com/,http://css3pie.com/,"Thu 15 Jul 2010 6:43:12 EDT","PIE makes Internet Explorer 6-8 capable of rendering several of the most useful CSS3 decoration features.<br /><span style=""font-size:12px;"">via: <a href=""http://css3pie.com/"" rel=""nofollow"" >css3pie.com</a></span><br /><br /><br />"
"Is Delegating a Good Idea for Freelancers",http://theprodesigner.com/is-delegating-a-good-idea-for-freelancers/,http://theprodesigner.com/is-delegating-a-good-idea-for-freelancers/,"Fri 16 Jul 2010 6:34:13 EDT","This article will help you to identify when and how to delegate ensuring that hiring another pair of hands doesnt cause financial problems it solves them!<br /><span style=""font-size:12px;"">via: <a href=""http://theprodesigner.com/is-delegating-a-good-idea-for-freelancers/"" rel=""nofollow"" >theprodesigner.com</a></span><br /><br /><br />"
"Extractiv Launches Semantics as a Service Platform",http://www.readwriteweb.com/archives/extractiv_launches_semantics_as_a_service_platform.php,http://www.readwriteweb.com/archives/extractiv_launches_semantics_as_a_service_platform.php,"Fri 16 Jul 2010 6:37:05 EDT","Extractiv has quietly launched a service that crawls the Web for text on a specific topic then transforms it into structured semantic data.<br /><span style=""font-size:12px;"">via: <a href=""http://www.readwriteweb.com/archives/extractiv_launches_semantics_as_a_service_platform.php"" rel=""nofollow"" >readwriteweb.com</a></span><br /><br /><br />"
"Content slider with transition effect using jQuery",http://www.mitya.co.uk/scripts/Blockster-transition-effect-122,http://www.mitya.co.uk/scripts/Blockster-transition-effect-122,"Fri 16 Jul 2010 6:44:23 EDT","Blockster is a Javascript transition effect designed for featured content rotators or slideshows. Its underlying concept is to transition between one element to the next block by block.<br /><span style=""font-size:12px;"">via: <a href=""http://www.mitya.co.uk/scripts/Blockster-transition-effect-122"" rel=""nofollow"" >mitya.co.uk</a></span><br /><br /><br />"
"A Bookmarklet Search Engine",http://marklets.com/,http://marklets.com/,"Fri 16 Jul 2010 6:49:43 EDT","With the new Marklets.com bookmarklet you can search for and use the bookmarklet you need without leaving the website you are visiting. Now you only need to save one bookmarklet and with one click you will have access to the internets largest bookmarklet database.<br /><span style=""font-size:12px;"">via: <a href=""http://marklets.com/"" rel=""nofollow"" >marklets.com</a></span><br /><br /><br />"
"Add Loads of Features to the Default Wordpress Editor with FCKEditor",http://www.makeuseof.com/tag/ckeditor-wordpress-theme-editor-plugin-replace-default-editor/,http://www.makeuseof.com/tag/ckeditor-wordpress-theme-editor-plugin-replace-default-editor/,"Sun 18 Jul 2010 6:40:46 EDT","CKEditor (previously known as FCKEditor) a web-based WYSIWYG text editor which promises to bring common editing features found on desktop editing applications like Microsoft Word and OpenOffice to the web. And for Wordpress users the power of CKEditor is brought to the WP editor in the form of Deans FCKEditor for Wordpress plugin.<br /><span style=""font-size:12px;"">via: <a href=""http://www.makeuseof.com/tag/ckeditor-wordpress-theme-editor-plugin-replace-default-editor/"" rel=""nofollow"" >makeuseof.com</a></span><br /><br /><br />"
"51 Affiliate Programs For Freelance Web Designers tripwire magazine",http://www.tripwiremagazine.com/2010/07/51-affiliate-programs-for-freelance-web-designers.html,http://www.tripwiremagazine.com/2010/07/51-affiliate-programs-for-freelance-web-designers.html,"Sun 18 Jul 2010 6:54:11 EDT","This roundup is a list of selected web based software programs that you can use to make you look like a superhero to your clients. Additionally they all pay a commission for referrals which can help you increase your revenue.<br /><span style=""font-size:12px;"">via: <a href=""http://www.tripwiremagazine.com/2010/07/51-affiliate-programs-for-freelance-web-designers.html"" rel=""nofollow"" >tripwiremagazine.com</a></span><br /><br /><br />"
"Placehold it - Quick and simple image placeholders",http://placehold.it/,http://placehold.it/,"Sun 18 Jul 2010 6:56:40 EDT","A quick and simple image placeholder service.<br /><span style=""font-size:12px;"">via: <a href=""http://placehold.it/"" rel=""nofollow"" >placehold.it</a></span><br /><br /><br />"
"UI Elements Search Box with Filter and Large Drop Down Menu Codrops",http://tympanus.net/codrops/2010/07/14/ui-elements-search-box/,http://tympanus.net/codrops/2010/07/14/ui-elements-search-box/,"Sun 18 Jul 2010 7:00:56 EDT","Today we will show you some more UI elements - a search box with a filter and a large drop down menu. We will use jQuery in both elements for the effect. We will also use plenty of CSS3 properties to create some slick looking details.<br /><span style=""font-size:12px;"">via: <a href=""http://tympanus.net/codrops/2010/07/14/ui-elements-search-box/"" rel=""nofollow"" >tympanus.net</a></span><br /><br /><br />"
"Hotaru CMS - Open Source Plugin-Powered CMS Engine",http://hotarucms.org/,http://hotarucms.org/,"Tue 20 Jul 2010 15:39:27 EDT","Hotaru CMS is an open source PHP platform for building your own websites. With flexible plugins and themes you can make any site you like.<br /><span style=""font-size:12px;"">via: <a href=""http://hotarucms.org/"" rel=""nofollow"" >hotarucms.org</a></span><br /><br /><br />"
"Using document createElement to test for browser support for an element",http://www.javascriptkit.com/javatutors/createelementcheck.shtml,http://www.javascriptkit.com/javatutors/createelementcheck.shtml,"Tue 20 Jul 2010 15:42:45 EDT","A javascript snippet that can be used to check for support for various HTML5 elements in your web browser.<br /><span style=""font-size:12px;"">via: <a href=""http://www.javascriptkit.com/javatutors/createelementcheck.shtml"" rel=""nofollow"" >javascriptkit.com</a></span><br /><br /><br />"
"Using cookies with jQuery jQuery ilovecolors",http://www.ilovecolors.com.ar/using-cookies-jquery/,http://www.ilovecolors.com.ar/using-cookies-jquery/,"Tue 20 Jul 2010 15:45:43 EDT","In this tutorial we will learn how to use jQuery and cookies to store some user preferences in a cookie to display an specific content to the user.<br /><span style=""font-size:12px;"">via: <a href=""http://www.ilovecolors.com.ar/using-cookies-jquery/"" rel=""nofollow"" >ilovecolors.com.ar</a></span><br /><br /><br />"
"Textarea Tricks CSS-Tricks",http://css-tricks.com/textarea-tricks/,http://css-tricks.com/textarea-tricks/,"Tue 20 Jul 2010 15:48:10 EDT","Here is a collection of nine things you might want to do related to textareas.<br /><span style=""font-size:12px;"">via: <a href=""http://css-tricks.com/textarea-tricks/"" rel=""nofollow"" >css-tricks.com</a></span><br /><br /><br />"
"Transformie - a javascript plugin that brings CSS Transforms to IE",http://transformie.com/,http://transformie.com/,"Tue 20 Jul 2010 15:50:38 EDT","Transformie is a javascript plugin that comes in less than 5k that you embed into web pages and that brings you CSS Transforms by mapping the native IE Filter API to CSS transitions as proposed by Webkit.<br /><span style=""font-size:12px;"">via: <a href=""http://transformie.com/"" rel=""nofollow"" >transformie.com</a></span><br /><br /><br />"
"Mockup Present A Tool for Designers and Developers",http://www.3point7designs.com/blog/2009/08/mockup-present-a-tool-for-designers-and-developers/,http://www.3point7designs.com/blog/2009/08/mockup-present-a-tool-for-designers-and-developers/,"Tue 20 Jul 2010 15:52:39 EDT","Mockup Present i a simple and rapid tool for integrating your design concepts into a brandable browser rendered presentation.<br /><span style=""font-size:12px;"">via: <a href=""http://www.3point7designs.com/blog/2009/08/mockup-present-a-tool-for-designers-and-developers/"" rel=""nofollow"" >1279655559658</a></span><br /><br /><br />"
"JSonduit - a service that can turn practically anything on the web into a JSON feed",http://jsonduit.com/,http://jsonduit.com/,"Wed 21 Jul 2010 8:49:55 EDT","JSonduit is a service that can turn practically anything on the web into a JSON feed that any website or mobile app can consume. A JSON conduit if you will.<br /><span style=""font-size:12px;"">via: <a href=""http://jsonduit.com/"" rel=""nofollow"" >jsonduit.com</a></span><br /><br /><br />"
"A Bunch of Engaging Joomla Video Tutorials",http://blog.templatemonster.com/2010/07/21/joomla-1-5-tutorials/,http://blog.templatemonster.com/2010/07/21/joomla-1-5-tutorials/,"Wed 21 Jul 2010 8:54:06 EDT","We have decided to made a list of 12 Joomla 1.5 tutorials for newbies and hopefully the experienced users will find them interesting too.<br /><span style=""font-size:12px;"">via: <a href=""http://blog.templatemonster.com/2010/07/21/joomla-1-5-tutorials/"" rel=""nofollow"" >blog.templatemonster.com</a></span><br /><br /><br />"
"UI Pattern Factory is now Pattern App",http://patternapp.com/,http://patternapp.com/,"Wed 21 Jul 2010 8:58:56 EDT","Pattern App User Interface Design Patterns for Ideas and Inspiration<br /><span style=""font-size:12px;"">via: <a href=""http://patternapp.com/"" rel=""nofollow"" >patternapp.com</a></span><br /><br /><br />"
"SVG with a little help from Raphael",http://www.alistapart.com/articles/svg-with-a-little-help-from-raphael/,http://www.alistapart.com/articles/svg-with-a-little-help-from-raphael/,"Thu 22 Jul 2010 6:42:31 EDT","Raphael is a light-weight JavaScript library that renders dynamic SVG graphics including charts graphs vector-based animations and GUI components right into your web pages.<br /><span style=""font-size:12px;"">via: <a href=""http://www.alistapart.com/articles/svg-with-a-little-help-from-raphael/"" rel=""nofollow"" >alistapart.com</a></span><br /><br /><br />"
"CSS3 Lessons Multiple Background Images",http://www.lifeathighroad.com/css3-lessons/css3-lessons-multiple-background-images/,http://www.lifeathighroad.com/css3-lessons/css3-lessons-multiple-background-images/,"Thu 22 Jul 2010 6:45:39 EDT","For the purposes of this article I will be looking at the multiple image ability of the background-image property.<br /><span style=""font-size:12px;"">via: <a href=""http://www.lifeathighroad.com/css3-lessons/css3-lessons-multiple-background-images/"" rel=""nofollow"" >lifeathighroad.com</a></span><br /><br /><br />"
"Related Posts Slide Out Boxes with jQuery and CSS3 Codrops",http://tympanus.net/codrops/2010/07/21/related-posts-slide-out-boxes/,http://tympanus.net/codrops/2010/07/21/related-posts-slide-out-boxes/,"Thu 22 Jul 2010 6:48:38 EDT","The main idea is to show a fixed list at the right side of the screen with some thumbnails sticking out. When the user hovers over the items they slide out revealing the title and two links one for the related article itself and one for the demo.<br /><span style=""font-size:12px;"">via: <a href=""http://tympanus.net/codrops/2010/07/21/related-posts-slide-out-boxes/"" rel=""nofollow"" >tympanus.net</a></span><br /><br /><br />"
"30 Awesome Custom Tumblr Blog Designs SpyreStudios",http://spyrestudios.com/30-awesome-custom-tumblr-blog-designs/,http://spyrestudios.com/30-awesome-custom-tumblr-blog-designs/,"Fri 23 Jul 2010 7:06:05 EDT","Today we will have a look at some of the best custom Tumblr themes out there. Tumblr provides ready-made templates for users but customizing or creating your own theme is where the magic happens.<br /><span style=""font-size:12px;"">via: <a href=""http://spyrestudios.com/30-awesome-custom-tumblr-blog-designs/"" rel=""nofollow"" >spyrestudios.com</a></span><br /><br /><br />"
"Getting Started with Tumblr and Custom Theme Design",http://line25.com/articles/getting-started-with-tumblr-and-custom-theme-design,http://line25.com/articles/getting-started-with-tumblr-and-custom-theme-design,"Fri 23 Jul 2010 7:07:27 EDT","Let us take a look at the basics of what Tumblr is and how to get a tumblelog of your own up and running.<br /><span style=""font-size:12px;"">via: <a href=""http://line25.com/articles/getting-started-with-tumblr-and-custom-theme-design"" rel=""nofollow"" >line25.com</a></span><br /><br /><br />"
"Tumblr Themes - tumblr.com",http://www.tumblr.com/themes/,http://www.tumblr.com/themes/,"Fri 23 Jul 2010 7:09:36 EDT","Learn how easy it is to make themes for Tumblr.<br /><span style=""font-size:12px;"">via: <a href=""http://www.tumblr.com/themes/"" rel=""nofollow"" >tumblr.com</a></span><br /><br /><br />"
"Think Vitamin CSS3 Transitions Part 1 Video Tutorial",http://thinkvitamin.com/design/css3-transitions-part-1-video-tutorial/,http://thinkvitamin.com/design/css3-transitions-part-1-video-tutorial/,"Fri 23 Jul 2010 7:14:00 EDT","It is time for our second free weekly helping from the Think Vitamin Membership video library. Today we move our attention to CSS3 Transitions.<br /><span style=""font-size:12px;"">via: <a href=""http://thinkvitamin.com/design/css3-transitions-part-1-video-tutorial/"" rel=""nofollow"" >thinkvitamin.com</a></span><br /><br /><br />"
"The Evolution of Adobe Flash From 1996 to 2010",http://www.pxleyes.com/blog/2010/07/evolution-of-flash-from-1996-to-2010/,http://www.pxleyes.com/blog/2010/07/evolution-of-flash-from-1996-to-2010/,"Mon 26 Jul 2010 7:29:30 EDT","Flash started as a vector animation package named FutureSplash Animator in 1996 and 14 years later it is going strong with a desktop mobile and server-side presence.<br /><span style=""font-size:12px;"">via: <a href=""http://www.pxleyes.com/blog/2010/07/evolution-of-flash-from-1996-to-2010/"" rel=""nofollow"" >pxleyes.com</a></span><br /><br /><br />"
"How To Add Google Custom Search To WordPress",http://www.divisionbyzero.co.uk/2010/07/23/add-a-google-custom-search-engine-to-your-wordpress-blog/,http://www.divisionbyzero.co.uk/2010/07/23/add-a-google-custom-search-engine-to-your-wordpress-blog/,"Mon 26 Jul 2010 7:46:43 EDT","Today I am going to show you how to integrate Googles Custom Search Engine into your blog or website and make it easier for your readers to find content.<br /><span style=""font-size:12px;"">via: <a href=""http://www.divisionbyzero.co.uk/2010/07/23/add-a-google-custom-search-engine-to-your-wordpress-blog/"" rel=""nofollow"" >divisionbyzero.co.uk</a></span><br /><br /><br />"
"8 Useful Web Tools You Would Not Want To Miss",http://desizntech.info/2010/07/8-useful-web-tools-you-would-not-want-to-miss/,http://desizntech.info/2010/07/8-useful-web-tools-you-would-not-want-to-miss/,"Tue 27 Jul 2010 16:35:57 EDT","Online web tools are great because they can save your time and you do not need leave your browser. As our daily lives evolve into online sphere"," having right web tools on your hand can certainly be convenient. In this post you will find some useful web apps that are not only useful but also easy to use.<br /><span style=""font-size:12px;"">via: <a href=""http://desizntech.info/2010/07/8-useful-web-tools-you-would-not-want-to-miss/"" rel=""nofollow"" >desizntech.info</a></span><br /><br /><br />"
"8 Useful Web Tools You Would Not Want To Miss",http://desizntech.info/2010/07/8-useful-web-tools-you-would-not-want-to-miss/,http://desizntech.info/2010/07/8-useful-web-tools-you-would-not-want-to-miss/,"Tue 27 Jul 2010 16:37:14 EDT","Online web tools are great because they can save your time and you do not need leave your browser. As our daily lives evolve into online sphere having right web tools on your hand can certainly be convenient. In this post you will find some useful web apps that are not only useful but also easy to use.<br /><span style=""font-size:12px;"">via: <a href=""http://desizntech.info/2010/07/8-useful-web-tools-you-would-not-want-to-miss/"" rel=""nofollow"" >desizntech.info</a></span><br /><br /><br />"
"Tracking Outgoing Links in Google Analytics Using Event Tracking and jQuery",http://www.nealgrosskopf.com/tech/thread.php?pid=71,http://www.nealgrosskopf.com/tech/thread.php?pid=71,"Tue 27 Jul 2010 16:40:23 EDT","By default Google Analytics will track the exit page or last page a user views while on a website. What it will not track is what link that user clicked to leave the site. With a little jQuery this can become a reality.<br /><span style=""font-size:12px;"">via: <a href=""http://www.nealgrosskopf.com/tech/thread.php?pid=71"" rel=""nofollow"" >nealgrosskopf.com</a></span><br /><br /><br />"
"Browser Cover Add Browser Frames To Any Image",http://www.makeuseof.com/dir/browser-cover/,http://www.makeuseof.com/dir/browser-cover/,"Wed 28 Jul 2010 9:43:10 EDT","If you want an image displayed within certain browser frame then Browser Cover is just the tool for you. Browser Cover is a simple and free web based tool.<br /><span style=""font-size:12px;"">via: <a href=""http://www.makeuseof.com/dir/browser-cover/"" rel=""nofollow"" >makeuseof.com</a></span><br /><br /><br />"
"HTML Prototyping with quplo",http://konigi.com/tools/submissions/quplo-html-prototyping,http://konigi.com/tools/submissions/quplo-html-prototyping,"Wed 28 Jul 2010 9:48:54 EDT","The web-based tool allows you to build multiple prototypes using a combination of standard HTML/CSS. If you can do JS the standard JS libraries are available to include in your pages (or sheets in Quplo lingo).<br /><span style=""font-size:12px;"">via: <a href=""http://konigi.com/tools/submissions/quplo-html-prototyping"" rel=""nofollow"" >konigi.com</a></span><br /><br /><br />"
"CSS3 demos and tools",http://www.designer-daily.com/css3-demos-and-tools-8278,http://www.designer-daily.com/css3-demos-and-tools-8278,"Thu 29 Jul 2010 6:53:31 EDT","To give you an idea of what you can achieve with CSS3 take a look at these demos.<br /><span style=""font-size:12px;"">via: <a href=""http://www.designer-daily.com/css3-demos-and-tools-8278"" rel=""nofollow"" >designer-daily.com</a></span><br /><br /><br />"
"Jason Santa Maria print media influence on web design on Vimeo",http://vimeo.com/4394152,http://vimeo.com/4394152,"Thu 29 Jul 2010 7:00:35 EDT","Jason has been recognized for designing stylistic and imaginative web interfaces that maintain a balance of usability and readability.  In this video he shows the influence print media has on his web designs.<br /><span style=""font-size:12px;"">via: <a href=""http://vimeo.com/4394152"" rel=""nofollow"" >vimeo.com</a></span><br /><br /><br />"
"European Style Flash Websites",http://www.topflashcms.com/inspirational-flash-sites/european-style-flash-websites/,http://www.topflashcms.com/inspirational-flash-sites/european-style-flash-websites/,"Thu 29 Jul 2010 7:06:08 EDT","Welcome to the list of Flash websites created by European web designers and Flash developers.<br /><span style=""font-size:12px;"">via: <a href=""http://www.topflashcms.com/inspirational-flash-sites/european-style-flash-websites/"" rel=""nofollow"" >topflashcms.com</a></span><br /><br /><br />"
"Making User Interface Elements Difficult to Use By Intent",http://sixrevisions.com/user-interface/making-user-interface-elements-difficult-to-use-by-intent/,http://sixrevisions.com/user-interface/making-user-interface-elements-difficult-to-use-by-intent/,"Fri 30 Jul 2010 6:14:50 EDT","However a big part of designing user interfaces that are easy to use also involves figuring out what things should be a bit more difficult to to use. It is a counter-intuitive notion that is central to effective user interface design.<br /><span style=""font-size:12px;"">via: <a href=""http://sixrevisions.com/user-interface/making-user-interface-elements-difficult-to-use-by-intent/"" rel=""nofollow"" >sixrevisions.com</a></span><br /><br /><br />"
"Thumbnails Navigation Gallery with jQuery Codrops",http://tympanus.net/codrops/2010/07/29/thumbnails-navigation-gallery/,http://tympanus.net/codrops/2010/07/29/thumbnails-navigation-gallery/,"Fri 30 Jul 2010 7:27:53 EDT","In this tutorial we are going to create an extraordinary gallery with scrollable thumbnails that slide out from a navigation. We are going to use jQuery and some CSS3 properties for the style.<br /><span style=""font-size:12px;"">via: <a href=""http://tympanus.net/codrops/2010/07/29/thumbnails-navigation-gallery/"" rel=""nofollow"" >tympanus.net</a></span><br /><br /><br />"
"41 Remarkable and useful jQuery Plugins",http://www.tuttoaster.com/41-remarkable-and-useful-jquery-plugins/,http://www.tuttoaster.com/41-remarkable-and-useful-jquery-plugins/,"Fri 30 Jul 2010 7:30:50 EDT","I have collected a list of 41 very remarkable jQuery plugins that will help you use jQuery in a robust way.<br /><span style=""font-size:12px;"">via: <a href=""http://www.tuttoaster.com/41-remarkable-and-useful-jquery-plugins/"" rel=""nofollow"" >tuttoaster.com</a></span><br /><br /><br />"
"20 Must Learn Button Tutorials in jQuery and CSS",http://blueblots.com/tutorials/20-must-learn-button-tutorials-in-jquery-and-css/,http://blueblots.com/tutorials/20-must-learn-button-tutorials-in-jquery-and-css/,"Fri 30 Jul 2010 7:34:30 EDT","This is a compilation of some of the helpful tutorials that can teach you on how to use jQuery in improve and creating special effects for the buttons of your website.<br /><span style=""font-size:12px;"">via: <a href=""http://blueblots.com/tutorials/20-must-learn-button-tutorials-in-jquery-and-css/"" rel=""nofollow"" >blueblots.com</a></span><br /><br /><br />"
"Bounce - A fun and easy way to share ideas on a website",http://www.bounceapp.com/,http://www.bounceapp.com/,"Mon 02 Aug 2010 8:42:42 EDT","Enter a web address into the search bar then this app loads a screenshot with useful controls to annotate and share.<br /><span style=""font-size:12px;"">via: <a href=""http://www.bounceapp.com/"" rel=""nofollow"" >bounceapp.com</a></span><br /><br /><br />"
"Turbine - decreases css development time and web developer headache",http://turbine.peterkroener.de/index.php,http://turbine.peterkroener.de/index.php,"Mon 02 Aug 2010 9:35:19 EDT","Turbine is a collection of PHP-powered tools that are designed to decrease css development time and web developer headache.<br /><span style=""font-size:12px;"">via: <a href=""http://turbine.peterkroener.de/index.php"" rel=""nofollow"" >turbine.peterkroener.de</a></span><br /><br /><br />"
"Pullfolio - Instant Professional Portfolio Site from your Flickr Photos",http://pullfolio.com/,http://pullfolio.com/,"Mon 02 Aug 2010 13:00:17 EDT","Create professional portfolio site with your Flickr photos. No coding knowledge required.<br /><span style=""font-size:12px;"">via: <a href=""http://pullfolio.com/"" rel=""nofollow"" >pullfolio.com</a></span><br /><br /><br />"
"25 Beautiful 3D Flash Website Designs",http://www.designdazzling.com/2010/08/25-beautiful-3d-flash-website-designs/,http://www.designdazzling.com/2010/08/25-beautiful-3d-flash-website-designs/,"Mon 02 Aug 2010 13:08:58 EDT","Here is a collection of the best Flash Websites with 3D Environment and 3D interface.<br /><span style=""font-size:12px;"">via: <a href=""http://www.designdazzling.com/2010/08/25-beautiful-3d-flash-website-designs/"" rel=""nofollow"" >designdazzling.com</a></span><br /><br /><br />"
"20 amazing things you can do with CSS3",http://blogof.francescomugnai.com/2010/08/20-amazing-things-you-can-do-with-css3/,http://blogof.francescomugnai.com/2010/08/20-amazing-things-you-can-do-with-css3/,"Mon 02 Aug 2010 13:19:05 EDT","20 amazing demos showcasing advanced effects and style using CSS3. All demos require a webkit browser to function fully.<br /><span style=""font-size:12px;"">via: <a href=""http://blogof.francescomugnai.com/2010/08/20-amazing-things-you-can-do-with-css3/"" rel=""nofollow"" >blogof.francescomugnai.com</a></span><br /><br /><br />"
"Showcase of Fresh Texture-Based Web Designs - Noupe",http://www.noupe.com/showcases/showcase-of-fresh-texture-based-web-designs.html,http://www.noupe.com/showcases/showcase-of-fresh-texture-based-web-designs.html,"Tue 03 Aug 2010 7:05:44 EDT","This showcase presents thirty-eight fresh examples of texture in web design from creative design agencies modern restaurants and even plastic film packaging companies. Let us know your favourite design!<br /><span style=""font-size:12px;"">via: <a href=""http://www.noupe.com/showcases/showcase-of-fresh-texture-based-web-designs.html"" rel=""nofollow"" >noupe.com</a></span><br /><br /><br />"
"Building a custom HTML5 video player with CSS3 and jQuery",http://dev.opera.com/articles/view/custom-html5-video-player-with-css3-and-jquery/,http://dev.opera.com/articles/view/custom-html5-video-player-with-css3-and-jquery/,"Tue 03 Aug 2010 7:31:42 EDT","We will look at building up an easily customizable HTML5 video player including packaging it as a simple jQuery plugin choosing control types and outputting custom CSS for your own situation.<br /><span style=""font-size:12px;"">via: <a href=""http://dev.opera.com/articles/view/custom-html5-video-player-with-css3-and-jquery/"" rel=""nofollow"" >dev.opera.com</a></span><br /><br /><br />"
"Implement the Google AJAX Search API - David Walsh Blog",http://davidwalsh.name/google-ajax-search,http://davidwalsh.name/google-ajax-search,"Tue 03 Aug 2010 7:34:41 EDT","Luckily for us Google provides an awesome method by which we can use their search for our own site: the Google AJAX Search API. Let me show you how to implement this awesome API within your own website!<br /><span style=""font-size:12px;"">via: <a href=""http://davidwalsh.name/google-ajax-search"" rel=""nofollow"" >davidwalsh.name</a></span><br /><br /><br />"
"jQuery quickie Slot machine style navigation",http://www.marcofolio.net/webdesign/jquery_quickie_slot_machine_navigation.html,http://www.marcofolio.net/webdesign/jquery_quickie_slot_machine_navigation.html,"Tue 03 Aug 2010 7:44:39 EDT","We will be creating a slot machine style navigation coded with jQuery that you could use on your website.<br /><span style=""font-size:12px;"">via: <a href=""http://www.marcofolio.net/webdesign/jquery_quickie_slot_machine_navigation.html"" rel=""nofollow"" >marcofolio.net</a></span><br /><br /><br />"
"8 Steps to Enhance the Usability of an eCommerce Website",http://ecommerce.pixelcrayons.com/knowledge-base/8-steps-to-enhance-the-usability-of-an-ecommerce-website/,http://ecommerce.pixelcrayons.com/knowledge-base/8-steps-to-enhance-the-usability-of-an-ecommerce-website/,"Tue 03 Aug 2010 7:53:40 EDT","Reviews 8 Steps to Enhance the Usability of an eCommerce Website.<br /><span style=""font-size:12px;"">via: <a href=""http://ecommerce.pixelcrayons.com/knowledge-base/8-steps-to-enhance-the-usability-of-an-ecommerce-website/"" rel=""nofollow"" >ecommerce.pixelcrayons.com</a></span><br /><br /><br />"
"3 Essential Elements of a Client-Grabbing Design Website",http://graphicdesignblender.com/3-essential-elements-of-a-client-grabbing-design-website,http://graphicdesignblender.com/3-essential-elements-of-a-client-grabbing-design-website,"Wed 04 Aug 2010 6:26:22 EDT","This article will help get you on track to having a web site that serves as an automated-client-grabbing machine.<br /><span style=""font-size:12px;"">via: <a href=""http://graphicdesignblender.com/3-essential-elements-of-a-client-grabbing-design-website"" rel=""nofollow"" >graphicdesignblender.com</a></span><br /><br /><br />"
"Designers - show your creative portfolio on LinkedIn with Behance",http://designyoutrust.com/2010/08/05/creative-portfolio-display-a-one-stop-solution-for-showcasing-your-work-online/,http://designyoutrust.com/2010/08/05/creative-portfolio-display-a-one-stop-solution-for-showcasing-your-work-online/,"Thu 05 Aug 2010 8:02:31 EDT","Now you can showcase your creative portfolio on your LinkedIn profile by installing a simple application created by Behance.<br /><span style=""font-size:12px;"">via: <a href=""http://designyoutrust.com/2010/08/05/creative-portfolio-display-a-one-stop-solution-for-showcasing-your-work-online/"" rel=""nofollow"" >designyoutrust.com</a></span><br /><br /><br />"
"50 Ultimate Useful Free Wordpress Plugins",http://www.multyshades.com/2010/08/50-ultimate-useful-free-wordpress-plugins-widgets/,http://www.multyshades.com/2010/08/50-ultimate-useful-free-wordpress-plugins-widgets/,"Thu 05 Aug 2010 8:10:34 EDT","We have been searching for some of the best free WordPress plugins and widgets available on the web and here are 50 of the best.<br /><span style=""font-size:12px;"">via: <a href=""http://www.multyshades.com/2010/08/50-ultimate-useful-free-wordpress-plugins-widgets/"" rel=""nofollow"" >multyshades.com</a></span><br /><br /><br />"
"A Study of Photographic Website Backgrounds",http://psdfan.com/inspiration/web-design/a-study-of-photographic-website-backgrounds/,http://psdfan.com/inspiration/web-design/a-study-of-photographic-website-backgrounds/,"Thu 05 Aug 2010 8:13:52 EDT","Today we look at the use of photographic website backgrounds and how it seems to be becoming a popular design trend. We weigh up the pros and cons of this technique and look at some inspiring examples.<br /><span style=""font-size:12px;"">via: <a href=""http://psdfan.com/inspiration/web-design/a-study-of-photographic-website-backgrounds/"" rel=""nofollow"" >psdfan.com</a></span><br /><br /><br />"
"15 Most Beautiful Minimal And Clean Tumblr Themes",http://resources.savedelete.com/15-most-beautiful-minimal-and-clean-tumblr-themes.html,http://resources.savedelete.com/15-most-beautiful-minimal-and-clean-tumblr-themes.html,"Thu 05 Aug 2010 8:32:18 EDT","Today we are providing 15 most beautiful minimal and clean tumblr themes which can help to design beautiful and minimal blog  and portfolio.<br /><span style=""font-size:12px;"">via: <a href=""http://resources.savedelete.com/15-most-beautiful-minimal-and-clean-tumblr-themes.html"" rel=""nofollow"" >resources.savedelete.com</a></span><br /><br /><br />"
"30 Awesome Wordpress Plugins for Creating Galleries and Slideshows",http://www.tripwiremagazine.com/2010/08/30-awesome-wordpress-plugins-for-galleries-and-slideshows.html,http://www.tripwiremagazine.com/2010/08/30-awesome-wordpress-plugins-for-galleries-and-slideshows.html,"Fri 06 Aug 2010 7:11:51 EDT","I have compiled a list of the best WordPress Gallery Slideshow plugins<br /><span style=""font-size:12px;"">via: <a href=""http://www.tripwiremagazine.com/2010/08/30-awesome-wordpress-plugins-for-galleries-and-slideshows.html"" rel=""nofollow"" >tripwiremagazine.com</a></span><br /><br /><br />"
"Convert HTML to PDF Online HTML to PDF API",http://pdfcrowd.com/,http://pdfcrowd.com/,"Fri 06 Aug 2010 7:35:30 EDT","Create PDF from web pages or raw HTML code<br /><span style=""font-size:12px;"">via: <a href=""http://pdfcrowd.com/"" rel=""nofollow"" >pdfcrowd.com</a></span><br /><br /><br />"
"The Ultimate Roundup of 55 CSS3 Tutorials",http://www.1stwebdesigner.com/resources/css3-tutorials/,http://www.1stwebdesigner.com/resources/css3-tutorials/,"Mon 09 Aug 2010 7:52:14 EDT","In this collection you will find 57 High Quality CSS3 Tutorials that help to stand out from the crowd and make better designs using only CSS.<br /><span style=""font-size:12px;"">via: <a href=""http://www.1stwebdesigner.com/resources/css3-tutorials/"" rel=""nofollow"" >1stwebdesigner.com</a></span><br /><br /><br />"
"5 Quality UX Blogs Designers Should Read",http://www.acuitydesigns.net/5-quality-ux-blogs-designers-should-read/,http://www.acuitydesigns.net/5-quality-ux-blogs-designers-should-read/,"Mon 09 Aug 2010 7:54:59 EDT","It makes sense to stay up to date and informed on recent developments assertions and techniques in relation to User Experience. Here are 5 UX blogs designers should read.<br /><span style=""font-size:12px;"">via: <a href=""http://www.acuitydesigns.net/5-quality-ux-blogs-designers-should-read/"" rel=""nofollow"" >acuitydesigns.net</a></span><br /><br /><br />"
